{
  "day": 1,
  "tick": 0,
  "current_player": "player1",
  "players": {
    "player1": {
      "name": "Player 1",
      "gold": 1000,
      "food": 500,
      "wood": 300,
      "stone": 200,
      "population": 50,
      "max_population": 100,
      "castle_level": 1,
      "technologies": [],
      "heroes": []
    },
    "ai_player1": {
      "name": "AI Player 1",
      "gold": 1000,
      "food": 500,
      "wood": 300,
      "stone": 200,
      "population": 50,
      "max_population": 100,
      "castle_level": 1,
      "technologies": [],
      "heroes": []
    }
  },
  "map": {
    "width": 20,
    "height": 20,
    "tiles": {}
  },
  "turn_order": ["player1", "ai_player1"],
  "turn_actions": {},
  "events": [],
  "last_update": "2025-08-02T12:00:00.000000"
}
